stock_code,cluster
000001,1
000002,1
000004,1
000006,0
000007,1
000008,1
000009,1
000010,0
000011,1
000012,1
000014,1
000016,0
000017,1
000019,1
000020,1
000021,0
000025,1
000026,1
000027,1
000028,1
000029,0
000030,1
000031,1
000032,0
000034,0
000035,1
000036,0
000037,1
000039,1
000040,1
000042,0
000045,1
000048,1
000049,1
000050,0
000055,1
000056,1
000058,0
000059,1
000060,1
000061,1
000062,2
000063,0
000065,1
000066,0
000068,1
000069,1
000070,1
000078,1
000088,1
000089,1
000090,1
000096,2
000099,0
000100,1
000151,0
000153,1
000155,1
000156,1
000157,0
000158,2
000159,1
000166,0
000301,1
000333,1
000338,0
000400,1
000401,1
000402,1
000403,1
000404,1
000407,1
000408,0
000409,0
000410,1
000411,1
000415,1
000417,1
000419,0
000420,1
000421,1
000422,1
000423,1
000425,1
000426,1
000428,1
000429,0
000430,1
000488,1
000498,1
000501,0
000503,0
000504,0
000505,1
000506,2
000507,1
000509,1
000510,1
000513,1
000514,1
000516,1
000517,1
000518,1
000519,1
000520,2
000521,1
000523,1
000524,1
000525,1
000526,1
000528,0
000529,1
000530,0
000531,0
000532,1
000533,0
000534,0
000536,0
000537,1
000538,0
000539,1
000541,1
000543,1
000544,1
000545,1
000546,1
000547,1
000548,1
000550,1
000551,0
000552,1
000553,1
000554,1
000555,1
000557,1
000558,0
000559,1
000560,0
000561,1
000563,1
000564,0
000565,1
000566,0
000567,1
000568,1
000570,1
000571,1
000572,1
000573,0
000576,1
000581,0
000582,1
000584,0
000586,1
000589,1
000590,0
000591,1
000592,0
000593,1
000595,0
000596,1
000597,1
000598,1
000599,1
000600,1
000601,0
000603,1
000605,0
000607,1
000608,1
000609,0
000610,1
000612,1
000615,0
000617,1
000619,0
000620,1
000622,0
000623,1
000625,1
000626,1
000627,0
000628,1
000629,1
000630,1
000631,1
000632,1
000633,1
000635,1
000636,1
000637,1
000638,0
000639,1
000650,1
000651,1
000652,1
000655,1
000656,1
000657,1
000659,1
000661,1
000663,1
000665,0
000668,1
000669,0
000670,0
000672,1
000676,1
000677,1
000678,0
000679,0
000680,1
000681,0
000682,1
000683,1
000685,0
000686,1
000688,1
000690,1
000691,1
000692,1
000695,1
000697,1
000698,1
000700,0
000701,1
000702,0
000703,1
000705,1
000707,1
000708,1
000709,1
000710,0
000711,1
000712,1
000713,1
000715,1
000716,0
000717,1
000718,1
000719,1
000720,1
000721,1
000722,1
000723,1
000725,1
000726,1
000727,0
000728,1
000729,0
000731,1
000733,1
000735,1
000736,1
000737,1
000738,1
000739,0
000750,1
000751,1
000752,1
000753,0
000755,1
000756,1
000757,1
000758,1
000759,2
000761,1
000762,1
000766,1
000767,1
000768,1
000776,1
000777,0
000778,1
000779,1
000782,1
000783,1
000785,0
000786,1
000788,1
000789,1
000790,1
000791,1
000792,1
000793,0
000795,0
000796,1
000797,1
000798,1
000799,1
000800,1
000801,0
000802,1
000803,1
000807,1
000809,0
000810,0
000811,1
000812,1
000813,1
000815,0
000816,0
000818,0
000819,1
000820,1
000821,1
000822,1
000823,1
000825,1
000826,0
000828,1
000829,0
000830,1
000831,1
000833,2
000837,0
000838,1
000839,0
000848,1
000850,1
000851,1
000852,1
000856,0
000858,1
000859,0
000860,0
000862,1
000863,1
000868,0
000869,1
000875,1
000876,1
000877,1
000878,1
000880,2
000881,1
000882,0
000883,1
000885,1
000886,0
000887,0
000888,1
000889,0
000890,1
000892,1
000893,0
000895,0
000897,1
000898,1
000899,1
000900,1
000901,1
000902,1
000903,0
000905,0
000906,1
000908,0
000909,0
000910,1
000911,1
000912,0
000913,0
000915,1
000917,1
000919,1
000920,1
000921,1
000922,1
000923,1
000925,1
000926,1
000927,1
000928,0
000929,0
000930,1
000931,1
000932,1
000933,1
000935,1
000936,1
000937,1
000938,0
000948,0
000949,1
000950,1
000951,1
000952,1
000953,1
000955,1
000957,1
000958,0
000959,1
000960,1
000962,0
000963,1
000965,1
000966,1
000967,1
000968,1
000969,0
000970,0
000972,1
000973,0
000975,1
000977,0
000978,1
000980,0
000981,0
000983,1
000985,0
000987,1
000988,0
000989,0
000990,1
000993,1
000995,1
000997,0
000998,1
000999,1
001201,1
001202,1
001203,1
001205,1
001206,0
001207,3
001208,0
001209,1
001210,1
001211,0
001212,1
001213,1
001215,1
001216,1
001217,0
001218,1
001219,1
001222,0
001223,0
001225,1
001226,0
001227,1
001228,1
001229,1
001230,0
001231,1
001234,1
001236,1
001238,0
001255,0
001256,0
001258,0
001259,1
001260,1
001266,1
001267,0
001268,1
001269,1
001270,1
001278,1
001283,0
001288,0
001289,1
001296,0
001298,0
001299,1
001300,1
001301,0
001308,1
001309,2
001311,1
001313,0
001314,0
001316,1
001317,3
001318,1
001319,0
001322,1
001323,0
001330,1
001331,1
001332,0
001333,0
001336,1
001337,1
001338,1
001339,0
001366,1
001368,0
001696,2
001872,1
001896,1
001914,1
001965,0
001979,1
002001,0
002003,0
002004,1
002005,0
002006,0
002007,1
002008,0
002009,0
002010,1
002011,1
002012,1
002014,1
002015,1
002016,1
002017,1
002019,1
002020,1
002021,1
002022,1
002023,1
002024,1
002025,0
002026,0
002027,1
002028,0
002029,1
002030,1
002031,2
002032,1
002033,1
002034,1
002035,1
002036,0
002037,0
002038,1
002039,1
002040,1
002041,0
002042,0
002043,1
002044,1
002045,0
002046,0
002047,0
002048,1
002049,1
002050,0
002051,1
002052,2
002053,1
002054,0
002055,1
002056,1
002057,0
002058,1
002059,1
002060,1
002061,1
002062,0
002063,1
002064,1
002065,0
002066,1
002067,0
002068,0
002069,1
002072,0
002073,1
002074,1
002075,0
002076,0
002077,0
002078,1
002079,1
002080,1
002081,1
002082,0
002083,1
002084,1
002085,0
002086,0
002088,1
002090,1
002091,1
002092,1
002093,0
002094,2
002095,0
002096,1
002097,1
002098,0
002099,1
002100,1
002101,1
002102,1
002103,0
002104,1
002105,0
002106,1
002107,1
002108,1
002109,1
002110,0
002111,1
002112,0
002114,0
002115,0
002116,1
002117,0
002119,0
002120,1
002121,1
002122,0
002123,0
002124,0
002125,1
002126,0
002127,0
002128,1
002129,1
002130,2
002131,0
002132,1
002133,1
002134,2
002135,1
002136,1
002137,0
002138,1
002139,0
002140,1
002141,1
002142,1
002144,1
002145,1
002146,1
002148,0
002149,0
002150,1
002151,1
002152,1
002153,1
002154,1
002155,0
002156,0
002157,1
002158,1
002159,1
002160,1
002161,1
002162,1
002163,0
002164,0
002165,0
002166,1
002167,0
002168,1
002169,1
002170,0
002171,0
002172,1
002173,0
002174,1
002175,2
002176,1
002177,0
002178,0
002179,1
002180,1
002181,0
002182,0
002183,0
002184,0
002185,1
002186,1
002187,0
002188,1
002189,1
002190,1
002191,1
002192,1
002193,0
002194,1
002195,0
002196,0
002197,1
002198,1
002199,1
002200,1
002201,1
002202,1
002203,1
002204,1
002205,1
002206,1
002207,1
002208,0
002209,0
002210,0
002211,0
002212,0
002213,0
002214,1
002215,1
002216,1
002217,0
002218,1
002219,0
002221,0
002222,0
002223,0
002224,1
002225,0
002226,0
002227,0
002228,1
002229,1
002230,1
002231,1
002232,1
002233,1
002234,1
002235,0
002236,1
002237,1
002238,1
002239,1
002240,1
002241,0
002242,1
002243,0
002244,0
002245,0
002246,0
002247,0
002248,0
002249,1
002250,0
002251,0
002252,1
002253,0
002254,1
002255,0
002256,1
002258,1
002259,1
002261,2
002262,1
002263,1
002264,1
002265,2
002266,1
002267,1
002268,1
002269,0
002270,1
002271,1
002272,2
002273,0
002274,1
002275,1
002276,0
002277,0
002278,0
002279,0
002281,0
002282,0
002283,0
002284,1
002285,1
002286,1
002287,1
002289,0
002290,0
002291,1
002292,1
002293,1
002294,1
002295,0
002296,1
002297,1
002298,0
002299,1
002300,1
002301,0
002302,1
002303,1
002304,1
002305,1
002306,1
002307,1
002309,0
002310,1
002311,0
002312,2
002313,0
002314,1
002315,0
002316,0
002317,1
002318,1
002319,1
002320,1
002321,0
002322,1
002323,1
002324,1
002326,1
002327,1
002328,0
002329,1
002330,1
002331,1
002332,1
002333,1
002334,0
002335,0
002336,0
002337,0
002338,0
002339,1
002340,1
002342,1
002343,1
002344,1
002345,0
002346,0
002347,0
002348,0
002349,1
002350,0
002351,0
002352,1
002353,0
002354,0
002355,0
002356,1
002357,0
002358,0
002360,1
002361,0
002362,1
002363,1
002364,2
002365,1
002366,0
002367,1
002368,0
002369,2
002370,0
002371,2
002372,1
002373,1
002374,0
002375,1
002376,1
002377,1
002378,1
002379,0
002380,0
002381,1
002382,1
002383,1
002384,0
002385,1
002386,1
002387,0
002388,1
002389,1
002390,0
002391,1
002392,0
002393,1
002394,1
002395,0
002396,0
002397,0
002398,0
002399,1
002400,0
002401,1
002402,0
002403,2
002404,1
002405,1
002406,1
002407,1
002408,1
002409,0
002410,1
002412,1
002413,1
002414,1
002415,1
002416,0
002418,0
002419,1
002420,1
002421,1
002422,1
002423,0
002424,1
002425,1
002426,0
002427,1
002428,0
002429,1
002430,1
002431,1
002432,1
002434,0
002436,1
002437,1
002438,1
002439,1
002440,1
002441,0
002442,0
002443,1
002444,1
002445,0
002446,1
002448,0
002449,0
002451,1
002452,1
002453,0
002454,1
002455,0
002456,0
002457,0
002458,1
002459,1
002460,1
002461,0
002462,1
002463,0
002465,1
002466,1
002467,0
002468,0
002469,0
002470,0
002471,0
002472,0
002474,0
002475,0
002476,1
002478,1
002479,0
002480,0
002481,1
002482,1
002483,0
002484,0
002485,1
002486,1
002487,1
002488,0
002489,1
002490,0
002491,0
002492,1
002493,1
002494,0
002495,0
002496,1
002497,1
002498,1
002500,1
002501,0
002506,1
002507,1
002508,1
002510,1
002511,1
002512,0
002513,0
002514,0
002515,1
002516,1
002517,0
002518,0
002519,1
002520,1
002521,1
002522,0
002523,0
002524,1
002526,0
002527,2
002528,1
002529,0
002530,0
002531,1
002532,1
002533,1
002534,1
002535,1
002536,0
002537,1
002538,0
002539,1
002540,1
002541,0
002542,0
002543,0
002544,1
002545,0
002546,0
002547,0
002548,1
002549,1
002550,1
002551,1
002552,1
002553,0
002554,1
002555,1
002556,1
002557,1
002558,0
002559,1
002560,1
002561,1
002562,1
002563,0
002564,1
002565,1
002566,1
002567,1
002568,0
002569,0
002570,0
002571,1
002572,1
002573,1
002574,1
002575,0
002576,0
002577,0
002578,1
002579,0
002580,0
002581,1
002582,0
002583,2
002584,1
002585,1
002586,1
002587,1
002588,1
002589,1
002590,1
002591,0
002592,1
002593,0
002594,2
002595,0
002596,0
002597,1
002598,1
002599,0
002600,0
002601,1
002602,0
002603,1
002605,0
002606,1
002607,0
002608,1
002609,1
002611,0
002612,1
002613,1
002614,1
002615,1
002616,0
002617,0
002620,0
002622,0
002623,1
002624,0
002625,2
002626,1
002627,1
002628,2
002629,0
002630,0
002631,1
002632,0
002633,0
002634,1
002635,1
002636,1
002637,1
002638,1
002639,0
002640,0
002641,1
002642,0
002643,1
002644,1
002645,1
002646,1
002647,0
002648,0
002649,0
002650,0
002651,0
002652,1
002653,0
002654,0
002655,1
002656,0
002657,0
002658,1
002659,1
002660,0
002661,0
002662,1
002663,1
002664,0
002666,1
002667,0
002668,1
002669,1
002670,0
002671,0
002672,1
002673,1
002674,1
002675,0
002676,0
002677,1
002678,1
002679,0
002681,0
002682,1
002683,0
002685,2
002686,1
002687,1
002688,1
002689,0
002690,1
002691,0
002692,0
002693,2
002694,1
002695,1
002696,0
002697,1
002698,0
002700,0
002701,1
002702,1
002703,1
002705,1
002706,0
002707,1
002708,0
002709,1
002712,1
002713,1
002714,1
002715,1
002716,1
002717,0
002718,1
002719,1
002721,1
002722,0
002723,1
002724,1
002725,0
002726,1
002727,1
002728,1
002729,1
002730,2
002731,1
002732,1
002733,0
002734,0
002735,1
002736,1
002737,1
002738,1
002739,1
002741,0
002742,0
002743,0
002745,1
002746,1
002747,0
002748,0
002749,1
002750,1
002752,1
002753,1
002755,0
002756,1
002757,0
002758,1
002759,1
002760,0
002761,1
002762,1
002763,1
002765,2
002766,0
002767,0
002768,0
002769,0
002771,1
002772,1
002773,1
002774,0
002775,0
002777,1
002778,0
002779,2
002780,1
002782,1
002783,1
002785,0
002786,1
002787,0
002788,1
002789,1
002790,1
002791,1
002792,1
002793,1
002795,0
002796,0
002797,0
002798,1
002799,0
002800,1
002801,0
002802,0
002803,1
002805,1
002806,0
002807,1
002808,0
002809,1
002810,1
002811,0
002812,1
002813,1
002815,0
002816,0
002817,1
002818,1
002819,1
002820,0
002821,1
002822,0
002823,0
002824,0
002825,0
002826,1
002827,0
002828,1
002829,1
002830,1
002831,1
002832,1
002833,1
002835,0
002836,0
002837,2
002838,0
002839,1
002840,1
002841,0
002842,0
002843,0
002845,1
002846,1
002847,0
002848,0
002849,0
002850,2
002851,2
002852,1
002853,0
002855,1
002856,1
002857,0
002858,1
002859,1
002860,0
002861,0
002862,2
002863,1
002864,1
002865,0
002866,1
002867,1
002868,0
002869,0
002870,0
002871,1
002872,1
002873,1
002875,1
002876,1
002877,1
002878,1
002879,0
002880,1
002881,2
002882,1
002883,0
002884,1
002885,1
002886,0
002887,1
002888,1
002889,0
002890,0
002891,0
002892,0
002893,0
002895,0
002896,2
002897,0
002898,1
002899,0
002900,1
002901,1
002902,1
002903,1
002905,1
002906,0
002907,1
002908,1
002909,0
002910,0
002911,1
002912,0
002913,1
002915,0
002916,2
002917,0
002918,0
002919,0
002920,1
002921,0
002922,0
002923,1
002925,0
002926,1
002927,0
002928,0
002929,0
002930,1
002931,0
002932,1
002933,0
002935,1
002936,1
002937,1
002938,0
002939,1
002940,1
002941,1
002942,0
002943,1
002945,0
002946,0
002947,1
002948,0
002949,0
002950,1
002951,1
002952,1
002953,0
002955,1
002956,0
002957,1
002958,1
002959,1
002960,1
002961,1
002962,1
002963,1
002965,0
002966,1
002967,0
002968,1
002969,1
002970,0
002971,1
002972,1
002973,0
002975,0
002976,1
002977,1
002978,1
002979,2
002980,1
002981,1
002982,1
002983,1
002984,1
002985,1
002986,1
002987,0
002988,0
002989,0
002990,0
002991,1
002992,0
002993,0
002995,0
002996,1
002997,0
002998,1
002999,1
003000,1
003001,2
003002,0
003003,1
003004,1
003005,0
003006,0
003007,1
003008,0
003009,1
003010,2
003011,1
003012,1
003013,1
003015,1
003016,1
003017,0
003018,1
003019,0
003020,0
003021,2
003022,1
003023,1
003025,0
003026,0
003027,1
003028,0
003029,0
003030,0
003031,1
003032,1
003033,0
003035,1
003036,0
003037,1
003038,1
003039,1
003040,1
003041,2
003042,1
003043,1
003816,1
300001,0
300002,0
300003,1
300004,1
300005,0
300006,1
300007,2
300008,1
300009,1
300010,2
300011,1
300012,1
300013,1
300014,0
300015,1
300016,1
300017,0
300018,0
300019,1
300020,0
300021,0
300022,0
300024,0
300025,1
300026,1
300027,1
300029,1
300030,1
300031,2
300032,1
300033,2
300034,1
300035,0
300036,1
300037,1
300039,1
300040,0
300041,1
300042,1
300043,0
300044,0
300045,1
300046,2
300047,0
300048,1
300049,1
300050,0
300051,1
300052,1
300053,1
300054,0
300055,0
300056,0
300057,1
300058,1
300059,0
300061,2
300062,0
300063,0
300065,0
300066,1
300067,0
300068,0
300069,0
300070,1
300071,0
300072,0
300073,0
300074,1
300075,0
300076,0
300077,2
300078,0
300079,1
300080,1
300081,1
300082,1
300083,1
300084,1
300085,2
300086,1
300087,0
300088,1
300091,0
300092,1
300093,1
300094,1
300095,1
300096,0
300097,1
300098,0
300099,1
300100,2
300101,1
300102,0
300103,0
300105,1
300106,1
300107,0
300108,0
300109,0
300110,1
300111,1
300112,1
300113,0
300115,2
300117,1
300118,1
300119,1
300120,0
300121,0
300122,1
300123,1
300124,0
300125,1
300126,0
300127,0
300128,0
300129,1
300130,1
300131,0
300132,1
300133,1
300134,0
300135,0
300136,0
300137,0
300138,1
300139,0
300140,1
300141,0
300142,1
300143,1
300144,1
300145,1
300146,1
300147,2
300148,0
300149,1
300150,0
300151,1
300152,2
300153,2
300154,0
300155,1
300157,0
300158,1
300159,0
300160,1
300161,0
300162,1
300163,0
300164,1
300165,1
300166,0
300167,0
300168,0
300169,1
300170,2
300171,1
300172,1
300173,0
300174,0
300175,1
300176,1
300177,0
300179,1
300180,0
300181,1
300182,1
300183,0
300184,0
300185,1
300187,1
300188,1
300189,0
300190,1
300191,1
300192,3
300193,0
300194,1
300195,1
300196,1
300197,1
300198,0
300199,1
300200,1
300201,1
300203,0
300204,1
300205,1
300206,1
300207,0
300208,0
300209,0
300210,1
300211,0
300212,0
300213,0
300214,0
300215,1
300217,1
300218,0
300219,1
300220,2
300221,0
300222,0
300223,0
300224,1
300225,1
300226,1
300227,0
300228,1
300229,0
300230,1
300231,0
300232,0
300233,1
300234,1
300235,1
300236,3
300237,0
300238,1
300239,0
300240,1
300241,1
300242,0
300243,1
300244,1
300245,2
300246,1
300247,1
300248,0
300249,0
300250,0
300251,2
300252,1
300253,0
300254,1
300255,0
300256,0
300257,1
300258,0
300259,1
300260,1
300261,1
300263,1
300264,1
300265,1
300266,0
300267,1
300268,0
300269,0
300270,1
300271,0
300272,1
300274,1
300275,0
300276,2
300277,0
300278,0
300279,0
300280,1
300281,1
300283,1
300284,0
300285,1
300286,0
300287,0
300288,1
300289,1
300290,2
300291,1
300292,1
300293,0
300294,1
300295,0
300296,0
300298,1
300299,0
300300,0
300301,1
300302,0
300303,0
300304,1
300305,1
300306,1
300307,0
300308,1
300310,0
300311,0
300313,1
300314,1
300315,1
300316,1
300317,1
300318,1
300319,0
300320,0
300321,0
300322,0
300323,0
300324,0
300326,0
300327,1
300328,0
300329,0
300331,1
300332,1
300333,2
300334,1
300335,0
300337,0
300338,0
300339,2
300340,0
300341,2
300342,0
300343,1
300344,0
300345,1
300346,0
300347,0
300348,0
300349,1
300350,1
300351,1
300352,1
300353,0
300354,0
300355,0
300357,1
300358,1
300359,1
300360,1
300363,1
300364,1
300365,1
300366,1
300368,0
300369,1
300370,0
300371,1
300373,1
300374,1
300375,1
300376,1
300377,2
300378,0
300379,0
300380,2
300381,0
300382,0
300383,0
300384,0
300385,1
300386,0
300387,0
300388,1
300389,1
300390,0
300391,0
300393,1
300394,1
300395,0
300396,1
300397,1
300398,0
300399,2
300400,0
300401,0
300402,1
300403,2
300404,1
300405,1
300406,1
300407,0
300408,0
300409,0
300410,1
300411,1
300412,0
300413,1
300414,1
300415,1
300416,1
300417,0
300418,1
300419,1
300420,1
300421,0
300422,1
300423,1
300424,0
300425,0
300426,1
300427,0
300428,1
300429,1
300430,1
300432,2
300433,0
300434,1
300435,1
300436,0
300437,1
300438,1
300439,1
300440,1
300441,0
300442,2
300443,1
300444,1
300445,1
300446,1
300447,1
300448,0
300449,0
300450,1
300451,1
300452,1
300453,1
300454,2
300455,1
300456,1
300457,0
300458,2
300459,0
300460,0
300461,1
300462,0
300463,1
300464,1
300465,0
300466,1
300467,0
300468,0
300469,2
300470,1
300471,1
300472,0
300473,0
300474,0
300475,1
300476,2
300477,1
300478,0
300479,1
300480,1
300481,1
300482,1
300483,1
300484,0
300485,1
300486,0
300487,1
300488,2
300489,2
300490,1
300491,0
300492,1
300493,2
300494,1
300496,0
300497,1
300498,1
300499,0
300500,1
300501,1
300502,2
300503,0
300504,0
300505,0
300506,1
300507,1
300508,0
300509,0
300510,1
300511,1
300512,0
300513,1
300514,1
300515,1
300516,1
300517,0
300518,1
300519,1
300520,0
300521,0
300522,0
300523,0
300525,0
300527,1
300528,1
300529,1
300530,1
300531,1
300532,1
300533,1
300534,1
300535,0
300536,1
300537,1
300538,1
300539,0
300540,1
300541,1
300542,0
300543,0
300545,0
300546,0
300547,2
300548,2
300549,0
300550,1
300551,0
300552,1
300553,0
300554,1
300555,0
300556,1
300557,0
300558,0
300559,1
300560,1
300561,2
300562,0
300563,2
300564,1
300565,1
300566,0
300567,1
300568,0
300569,1
300570,2
300571,0
300572,0
300573,1
300575,1
300576,0
300577,0
300578,0
300579,0
300580,0
300581,1
300582,0
300583,0
300584,1
300585,1
300586,1
300587,1
300588,0
300589,1
300590,0
300591,1
300592,1
300593,1
300594,0
300595,1
300596,0
300597,1
300598,0
300599,1
300600,1
300601,1
300602,0
300603,0
300604,0
300605,1
300606,1
300607,2
300608,1
300609,1
300610,0
300611,0
300612,1
300613,0
300614,1
300615,1
300616,1
300617,0
300618,0
300619,1
300620,1
300621,1
300622,2
300623,2
300624,0
300625,1
300626,1
300627,0
300628,0
300629,1
300630,2
300631,1
300632,0
300633,1
300634,0
300635,1
300636,1
300637,1
300638,2
300639,1
300640,1
300641,2
300642,1
300643,1
300644,0
300645,1
300647,1
300648,1
300649,1
300650,0
300651,0
300652,0
300653,1
300654,1
300655,1
300656,0
300657,2
300658,0
300659,1
300660,2
300661,0
300662,1
300663,0
300664,1
300665,0
300666,0
300667,1
300668,1
300669,0
300670,1
300671,0
300672,0
300673,0
300674,0
300675,0
300676,0
300677,1
300678,0
300679,0
300680,2
300681,2
300682,0
300683,1
300684,0
300685,1
300686,1
300687,0
300688,1
300689,2
300690,1
300691,0
300692,1
300693,0
300694,0
300695,0
300696,1
300697,0
300698,0
300699,1
300700,0
300701,0
300702,0
300703,0
300705,1
300706,1
300707,1
300708,0
300709,0
300710,1
300711,0
300712,1
300713,1
300715,1
300716,0
300717,1
300718,2
300719,0
300720,0
300721,1
300722,0
300723,1
300724,1
300725,3
300726,1
300727,0
300729,1
300730,1
300731,0
300732,1
300733,0
300735,0
300736,1
300737,1
300738,0
300739,0
300740,1
300741,1
300743,0
300745,1
300746,0
300747,1
300748,0
300749,0
300750,2
300751,1
300752,0
300753,3
300755,0
300756,0
300757,2
300758,1
300759,1
300760,1
300761,1
300762,0
300763,1
300765,0
300766,2
300767,0
300768,0
300769,0
300770,1
300771,1
300772,1
300773,1
300774,1
300775,1
300776,0
300777,1
300778,1
300779,2
300780,1
300781,1
300782,1
300783,0
300785,0
300786,1
300787,1
300788,1
300789,0
300790,0
300791,1
300792,0
300793,0
300795,1
300796,1
300797,1
300798,1
300800,1
300801,1
300802,1
300803,2
300805,0
300806,0
300807,1
300808,0
300809,0
300810,1
300811,0
300812,1
300813,1
300814,0
300815,0
300816,0
300817,2
300818,1
300819,1
300820,1
300821,1
300822,2
300823,0
300824,0
300825,0
300826,1
300827,0
300828,0
300829,0
300830,1
300831,1
300832,1
300833,1
300834,1
300835,0
300836,0
300837,1
300838,0
300839,1
300840,2
300841,1
300842,1
300843,0
300844,0
300845,1
300846,2
300847,1
300848,0
300849,1
300850,0
300851,1
300852,0
300853,0
300854,1
300855,1
300856,1
300857,2
300858,1
300859,1
300860,1
300861,1
300862,0
300863,0
300864,1
300865,0
300866,2
300867,1
300868,0
300869,1
300870,2
300871,1
300872,1
300873,1
300875,1
300876,0
300877,1
300878,1
300879,0
300880,0
300881,1
300882,1
300883,1
300884,1
300885,0
300886,1
300887,1
300888,0
300889,0
300890,1
300891,1
300892,0
300893,1
300894,0
300895,0
300896,1
300897,0
300898,0
300899,1
300900,1
300901,0
300902,1
300903,1
300905,0
300906,1
300907,0
300908,1
300909,0
300910,0
300911,0
300912,0
300913,2
300915,0
300916,0
300917,2
300918,0
300919,1
300920,0
300921,0
300922,1
300923,0
300925,2
300926,0
300927,0
300928,1
300929,1
300930,0
300931,1
300932,0
300933,0
300935,0
300936,1
300937,0
300938,0
300939,1
300940,0
300941,0
300942,1
300943,1
300945,1
300946,0
300947,0
300948,1
300949,1
300950,0
300951,1
300952,0
300953,2
300955,1
300956,0
300957,1
300958,1
300959,0
300960,0
300961,0
300962,1
300963,0
300964,1
300965,1
300966,1
300967,0
300968,0
300969,0
300970,1
300971,0
300972,2
300973,0
300975,1
300976,0
300977,0
300978,1
300979,0
300980,0
300981,1
300982,1
300983,1
300984,2
300985,1
300986,0
300987,1
300988,1
300989,1
300990,0
300991,3
300992,0
300993,1
300994,1
300995,0
300996,0
300997,1
300998,1
300999,1
301000,2
301001,0
301002,1
301003,0
301004,2
301005,1
301006,1
301007,0
301008,0
301009,0
301010,0
301011,0
301012,1
301013,1
301015,1
301016,0
301017,1
301018,2
301019,1
301020,1
301021,0
301022,0
301023,2
301024,1
301025,1
301026,1
301027,0
301028,1
301029,1
301030,1
301031,0
301032,0
301033,0
301035,1
301036,2
301037,1
301038,1
301039,1
301040,1
301041,1
301042,0
301043,1
301045,0
301046,1
301047,1
301048,1
301049,1
301050,0
301051,1
301052,1
301053,1
301055,1
301056,1
301057,0
301058,1
301059,0
301060,1
301061,2
301062,1
301063,0
301065,0
301066,0
301067,0
301068,0
301069,1
301070,0
301071,1
301072,1
301073,1
301075,0
301076,0
301077,0
301078,3
301079,0
301080,0
301081,0
301082,0
301083,1
301085,0
301086,0
301087,0
301088,1
301089,1
301090,1
301091,2
301092,1
301093,1
301095,1
301096,1
301097,0
301098,1
301099,0
301100,1
301101,2
301102,1
301103,1
301105,1
301106,1
301107,0
301108,1
301109,0
301110,2
301111,1
301112,0
301113,1
301115,1
301116,1
301117,1
301118,1
301119,0
301120,1
301121,0
301122,1
301123,0
301125,0
301126,1
301127,2
301128,2
301129,0
301130,0
301131,1
301132,1
301133,1
301135,0
301136,1
301137,1
301138,0
301139,1
301148,1
301149,1
301150,1
301151,1
301152,1
301153,1
301155,0
301156,0
301157,0
301158,1
301159,1
301160,2
301161,1
301162,0
301163,1
301165,2
301166,1
301167,0
301168,1
301169,1
301171,0
301175,1
301176,0
301177,0
301178,0
301179,0
301180,1
301181,1
301182,2
301183,0
301185,1
301186,1
301187,2
301188,1
301189,1
301190,1
301191,0
301192,0
301193,1
301195,1
301196,0
301197,1
301198,0
301199,0
301200,0
301201,1
301205,1
301206,0
301207,1
301208,0
301209,0
301211,1
301212,0
301213,0
301215,1
301216,1
301217,1
301218,1
301219,0
301220,2
301221,1
301222,1
301223,1
301226,0
301227,1
301228,0
301229,1
301230,0
301231,1
301233,1
301234,0
301235,1
301236,2
301237,1
301238,0
301239,0
301246,1
301248,0
301255,0
301256,1
301257,1
301258,1
301259,2
301260,0
301263,0
301265,1
301266,1
301267,1
301268,1
301269,0
301270,0
301273,0
301276,1
301277,1
301278,1
301279,0
301280,0
301282,1
301283,1
301285,0
301286,1
301288,1
301289,0
301290,0
301296,1
301297,2
301298,1
301299,2
301300,0
301301,0
301302,0
301303,1
301306,0
301308,0
301309,0
301311,1
301312,1
301313,1
301314,0
301316,0
301317,1
301318,1
301319,1
301321,1
301322,0
301326,2
301327,1
301328,0
301330,0
301331,1
301333,0
301335,0
301336,2
301338,0
301339,1
301345,1
301349,0
301356,1
301358,0
301359,0
301361,0
301363,1
301365,0
301366,2
301367,1
301368,2
301369,1
301373,0
301377,0
301378,0
301379,0
301380,0
301386,1
301388,0
301389,0
301391,1
301396,2
301398,0
301408,1
301419,0
301439,0
302132,0
600000,0
600004,1
600006,1
600007,1
600008,1
600009,1
600010,1
600011,1
600012,0
600015,1
600016,1
600017,1
600018,1
600019,0
600020,1
600021,1
600022,1
600023,1
600025,1
600026,1
600027,1
600028,1
600029,1
600030,0
600031,1
600032,1
600033,1
600035,1
600036,0
600037,1
600038,1
600039,1
600048,1
600050,0
600051,0
600052,0
600053,1
600054,1
600055,1
600056,1
600057,1
600058,1
600059,1
600060,1
600061,1
600062,1
600063,1
600064,1
600066,0
600067,0
600070,1
600071,1
600072,1
600073,1
600075,1
600076,0
600078,1
600079,1
600080,0
600081,1
600082,0
600083,1
600084,1
600085,1
600088,1
600089,1
600094,1
600095,1
600096,1
600097,1
600098,1
600099,0
600100,1
600101,0
600103,1
600104,1
600105,0
600106,1
600107,1
600108,1
600109,1
600110,1
600111,1
600113,0
600114,0
600115,1
600116,1
600117,1
600118,1
600119,1
600120,0
600121,1
600123,1
600125,1
600126,2
600127,1
600128,0
600129,1
600130,1
600131,1
600132,1
600133,1
600135,0
600136,0
600137,0
600138,1
600141,1
600143,0
600148,0
600149,0
600150,1
600151,1
600152,1
600153,0
600155,1
600156,1
600157,1
600158,1
600159,1
600160,0
600161,1
600162,1
600163,1
600165,0
600166,1
600167,1
600168,1
600169,1
600170,1
600171,2
600172,0
600173,0
600176,1
600177,0
600178,1
600179,1
600180,1
600182,0
600183,0
600184,1
600185,1
600186,0
600187,0
600188,1
600189,1
600190,1
600191,0
600192,0
600193,1
600195,1
600196,1
600197,1
600198,0
600199,1
600200,1
600201,1
600202,1
600203,0
600206,2
600207,1
600208,0
600210,0
600211,1
600212,0
600215,1
600216,0
600217,1
600218,1
600219,1
600221,1
600222,1
600223,1
600225,2
600226,1
600227,0
600228,1
600229,1
600230,1
600231,1
600232,1
600233,1
600234,0
600235,0
600236,1
600237,0
600238,1
600239,1
600241,1
600243,1
600246,0
600248,1
600249,0
600250,1
600251,1
600252,1
600255,0
600256,1
600257,1
600258,1
600259,1
600261,1
600262,1
600265,1
600266,1
600267,1
600268,1
600269,1
600271,1
600272,0
600273,1
600276,1
600278,1
600279,1
600280,0
600281,1
600282,1
600283,1
600284,1
600285,1
600287,0
600288,0
600289,2
600292,2
600293,1
600295,1
600298,0
600299,1
600300,0
600301,0
600302,0
600303,0
600305,1
600307,1
600308,1
600309,1
600310,1
600312,1
600313,1
600315,1
600316,0
600318,1
600319,0
600320,1
600322,0
600323,1
600325,1
600326,0
600327,0
600328,1
600329,1
600330,1
600331,1
600332,1
600333,1
600335,1
600336,0
600337,1
600338,1
600339,1
600340,0
600343,1
600345,1
600346,0
600348,1
600350,0
600351,1
600352,1
600353,1
600354,1
600355,1
600356,0
600358,1
600359,1
600360,0
600361,1
600362,1
600363,0
600365,0
600366,0
600367,0
600368,1
600369,1
600370,1
600371,1
600372,1
600373,1
600375,0
600376,1
600377,0
600378,1
600379,1
600380,1
600381,1
600382,1
600383,0
600386,1
600387,1
600388,1
600389,1
600390,1
600391,0
600392,0
600395,1
600396,1
600397,0
600398,0
600399,1
600400,1
600403,1
600405,0
600406,1
600408,1
600409,1
600410,0
600415,0
600416,1
600418,2
600419,1
600420,1
600421,1
600422,1
600423,1
600425,1
600426,1
600428,1
600429,1
600433,1
600435,1
600436,1
600438,1
600439,0
600444,1
600446,0
600448,0
600449,1
600452,1
600455,0
600456,1
600458,0
600459,1
600460,1
600461,1
600462,1
600463,0
600467,1
600468,1
600469,1
600470,1
600475,1
600476,1
600477,1
600478,0
600479,1
600480,0
600481,1
600482,1
600483,1
600486,1
600487,1
600488,1
600489,1
600490,1
600491,0
600493,1
600495,1
600496,1
600497,1
600498,0
600499,1
600500,1
600501,1
600502,1
600503,0
600505,0
600506,0
600507,1
600508,1
600509,1
600510,1
600511,1
600512,1
600513,1
600515,1
600516,1
600517,1
600518,1
600519,2
600520,2
600521,1
600522,1
600523,1
600525,0
600526,1
600527,1
600528,1
600529,1
600530,0
600531,1
600533,1
600535,1
600536,0
600537,1
600538,1
600539,2
600540,1
600543,1
600545,0
600546,1
600547,1
600548,0
600549,1
600550,0
600551,1
600552,1
600556,1
600557,1
600558,0
600559,1
600560,1
600561,0
600562,0
600563,0
600566,1
600567,1
600568,1
600569,1
600570,0
600571,0
600572,1
600573,0
600575,1
600576,0
600577,0
600578,1
600579,0
600580,0
600581,1
600582,1
600583,1
600584,0
600585,1
600586,1
600587,1
600588,0
600589,0
600590,0
600592,0
600593,0
600594,1
600595,0
600596,0
600597,1
600598,1
600599,1
600600,1
600601,0
600602,0
600603,0
600604,1
600605,0
600606,1
600608,0
600609,0
600610,1
600611,2
600612,1
600613,1
600615,0
600616,1
600617,1
600618,0
600619,0
600620,1
600621,0
600622,0
600623,1
600624,0
600626,1
600628,1
600629,0
600630,1
600633,0
600635,0
600636,1
600637,1
600638,1
600639,1
600640,1
600641,0
600642,1
600643,1
600644,1
600645,1
600648,0
600649,1
600650,0
600651,0
600653,0
600654,1
600655,1
600657,0
600658,1
600660,0
600661,1
600662,1
600663,1
600664,1
600665,1
600666,0
600667,1
600668,1
600671,1
600673,0
600674,1
600675,1
600676,1
600678,1
600679,0
600681,1
600682,1
600683,1
600684,1
600685,1
600686,0
600688,1
600689,0
600690,1
600691,1
600692,1
600693,0
600694,0
600696,0
600697,1
600698,0
600699,1
600702,1
600703,1
600704,1
600705,1
600706,1
600707,1
600708,0
600710,0
600711,0
600712,0
600713,1
600714,0
600715,1
600716,1
600717,1
600718,1
600719,1
600720,1
600721,1
600722,1
600724,0
600725,0
600726,1
600727,1
600728,1
600729,0
600730,0
600731,0
600732,0
600733,1
600734,0
600735,1
600736,0
600737,1
600738,1
600739,1
600740,1
600741,0
600742,1
600743,0
600744,1
600745,1
600746,1
600748,1
600749,1
600750,1
600751,1
600753,1
600754,1
600755,1
600756,0
600757,1
600758,1
600759,1
600760,0
600761,0
600763,1
600764,0
600765,1
600768,0
600769,0
600770,0
600771,1
600773,1
600774,1
600775,0
600776,0
600777,0
600778,0
600779,1
600780,1
600782,0
600783,1
600784,0
600785,1
600787,1
600789,0
600790,1
600791,1
600792,1
600793,2
600794,1
600795,1
600796,0
600797,0
600798,1
600800,1
600801,1
600802,1
600803,0
600804,1
600805,1
600807,1
600808,0
600809,1
600810,0
600811,0
600812,1
600814,0
600815,0
600816,1
600817,0
600818,1
600819,1
600820,1
600821,1
600822,1
600824,0
600825,0
600826,1
600827,1
600828,1
600829,0
600830,0
600831,1
600833,1
600834,1
600835,0
600837,1
600838,1
600839,2
600841,1
600843,2
600844,1
600845,0
600846,1
600847,1
600848,1
600850,0
600851,0
600853,1
600854,1
600855,0
600857,0
600858,1
600859,1
600860,1
600861,1
600862,0
600863,1
600864,1
600865,0
600866,0
600867,1
600868,0
600869,1
600871,1
600872,1
600873,1
600874,1
600875,1
600876,1
600877,1
600879,0
600880,1
600881,1
600882,0
600883,1
600884,1
600885,0
600886,1
600887,0
600888,1
600889,2
600892,1
600893,1
600894,1
600895,0
600897,1
600900,1
600901,1
600903,1
600905,1
600906,1
600908,1
600909,1
600916,1
600917,1
600918,1
600919,0
600925,1
600926,0
600927,1
600928,1
600929,1
600933,0
600935,1
600936,0
600938,1
600939,1
600941,1
600955,1
600956,1
600958,1
600959,1
600960,1
600961,1
600962,0
600963,1
600965,1
600966,1
600967,0
600968,1
600969,1
600970,1
600971,1
600973,0
600975,1
600976,1
600977,1
600979,0
600980,1
600981,0
600982,1
600983,1
600984,1
600985,1
600986,0
600987,1
600988,1
600989,1
600990,0
600992,1
600993,1
600995,1
600996,1
600997,1
600998,1
600999,1
601000,1
601001,1
601002,0
601003,1
601005,1
601006,1
601007,1
601008,1
601009,0
601010,0
601011,0
601012,1
601015,1
601016,1
601018,1
601019,1
601020,0
601021,1
601022,1
601028,1
601038,1
601058,0
601059,1
601066,1
601068,1
601069,1
601077,0
601086,0
601088,1
601089,1
601098,1
601099,1
601100,0
601101,1
601106,1
601107,1
601108,1
601111,1
601113,0
601116,0
601117,1
601118,1
601121,1
601126,1
601127,2
601128,1
601136,1
601137,0
601138,1
601139,1
601155,1
601156,1
601158,1
601162,0
601163,1
601166,0
601168,1
601169,1
601177,0
601179,1
601186,1
601187,1
601188,1
601198,0
601199,1
601200,1
601208,1
601211,0
601212,1
601216,0
601218,1
601222,1
601225,1
601226,1
601228,1
601229,0
601231,1
601233,1
601236,1
601238,1
601279,1
601288,1
601298,0
601311,1
601318,1
601319,1
601326,1
601328,1
601330,1
601333,1
601336,0
601339,1
601360,0
601366,1
601368,1
601369,1
601375,1
601377,1
601388,1
601390,1
601398,0
601399,1
601456,1
601500,0
601512,1
601515,1
601518,1
601519,0
601528,1
601555,1
601566,1
601567,1
601568,1
601577,0
601579,1
601588,1
601595,1
601598,1
601599,1
601600,1
601601,1
601606,0
601607,1
601608,1
601609,1
601611,1
601615,0
601616,0
601618,1
601619,1
601628,1
601633,0
601636,1
601658,1
601665,0
601666,1
601668,1
601669,1
601677,1
601678,1
601686,1
601688,1
601689,0
601696,1
601698,0
601699,1
601700,1
601702,1
601717,1
601718,1
601727,0
601728,0
601766,1
601777,2
601778,1
601788,1
601789,0
601798,1
601799,1
601800,1
601801,1
601808,1
601811,1
601816,1
601818,0
601825,1
601827,1
601828,1
601838,1
601857,1
601858,1
601860,1
601865,1
601866,1
601868,1
601869,0
601872,1
601877,1
601878,1
601880,1
601881,0
601882,1
601886,1
601888,1
601890,1
601898,1
601899,1
601900,1
601901,1
601908,1
601916,1
601918,1
601919,1
601921,1
601928,1
601929,1
601933,0
601939,1
601949,1
601952,1
601956,1
601958,1
601963,1
601965,1
601966,1
601968,1
601969,1
601975,1
601985,1
601988,0
601989,1
601990,1
601991,1
601992,1
601995,1
601996,1
601997,1
601998,0
601999,1
603000,1
603001,0
603002,0
603003,1
603005,0
603006,1
603007,2
603008,1
603009,2
603010,1
603011,1
603012,1
603013,1
603015,0
603016,2
603017,0
603018,0
603019,2
603020,0
603021,0
603022,1
603023,0
603025,1
603026,1
603027,1
603028,1
603029,1
603030,1
603031,1
603032,1
603033,1
603035,1
603036,0
603037,0
603038,2
603039,2
603040,0
603041,1
603042,0
603043,1
603045,1
603048,0
603050,1
603051,1
603052,0
603053,1
603055,1
603056,1
603057,0
603058,0
603059,1
603060,1
603061,1
603063,0
603065,1
603066,1
603067,0
603068,0
603069,1
603070,0
603071,1
603073,1
603076,1
603077,1
603078,0
603079,0
603080,1
603081,0
603083,3
603085,0
603086,1
603087,1
603088,0
603089,0
603090,1
603093,1
603095,0
603096,1
603097,1
603098,1
603099,0
603100,1
603101,0
603102,1
603103,1
603105,1
603106,0
603108,1
603109,0
603110,0
603111,0
603112,1
603113,1
603115,0
603116,1
603117,0
603118,0
603121,2
603122,1
603123,1
603126,0
603127,0
603128,1
603129,2
603130,0
603131,0
603132,1
603136,1
603138,0
603139,1
603150,0
603151,1
603153,1
603155,1
603156,1
603158,1
603159,0
603160,0
603161,1
603162,1
603163,1
603165,0
603166,0
603167,1
603168,1
603169,1
603170,1
603171,0
603173,0
603176,0
603177,0
603178,1
603179,1
603180,1
603181,1
603182,1
603183,1
603185,1
603186,0
603187,1
603188,0
603189,0
603190,1
603191,1
603192,1
603195,1
603196,0
603197,0
603198,1
603199,1
603200,0
603201,0
603203,0
603206,0
603208,1
603209,1
603211,1
603212,1
603213,1
603214,0
603215,1
603216,0
603217,0
603218,1
603219,0
603220,0
603221,1
603222,1
603223,1
603225,1
603226,0
603227,1
603228,0
603229,1
603230,1
603232,1
603233,1
603235,1
603236,2
603237,1
603238,0
603239,1
603255,1
603256,0
603258,0
603259,0
603260,1
603261,1
603266,1
603267,0
603268,2
603269,0
603272,0
603277,1
603278,0
603279,1
603280,0
603281,1
603282,1
603283,1
603286,0
603288,1
603289,1
603290,1
603291,0
603297,0
603298,0
603299,1
603300,0
603301,1
603303,1
603305,0
603306,2
603307,0
603308,0
603309,1
603311,1
603313,1
603315,1
603316,1
603317,1
603318,1
603319,2
603320,0
603321,1
603322,0
603323,0
603324,0
603326,0
603327,1
603328,0
603329,1
603330,0
603331,1
603332,1
603333,0
603335,1
603336,0
603337,0
603338,0
603339,1
603345,1
603348,1
603351,1
603353,1
603355,1
603356,0
603357,1
603358,0
603359,0
603360,2
603363,1
603365,1
603366,2
603367,1
603368,1
603369,1
603377,0
603378,1
603379,1
603380,0
603383,0
603385,1
603386,1
603387,1
603388,0
603389,1
603390,1
603392,1
603393,1
603396,1
603398,1
603399,0
603408,1
603416,0
603421,1
603429,0
603439,1
603444,0
603456,1
603458,1
603466,1
603477,1
603486,0
603488,1
603489,1
603496,0
603499,0
603500,1
603501,2
603505,1
603506,0
603507,1
603508,0
603511,0
603515,1
603516,2
603517,1
603518,0
603519,1
603520,1
603527,1
603528,0
603529,0
603530,0
603533,1
603535,0
603536,0
603538,1
603551,1
603556,1
603557,1
603558,1
603559,0
603565,1
603566,1
603567,1
603568,1
603569,1
603577,1
603578,1
603579,1
603580,1
603583,2
603585,1
603586,1
603587,1
603588,1
603589,1
603590,1
603595,0
603596,0
603598,0
603599,1
603600,1
603601,0
603602,1
603605,1
603606,1
603607,1
603608,0
603609,1
603610,0
603611,1
603612,0
603613,0
603615,0
603616,0
603617,1
603618,0
603619,1
603626,0
603628,1
603629,0
603630,0
603633,0
603636,0
603637,0
603638,0
603639,1
603648,0
603650,1
603655,0
603656,0
603657,0
603658,1
603659,0
603660,0
603661,1
603662,2
603663,0
603665,1
603666,0
603667,2
603668,1
603669,0
603676,1
603677,0
603678,0
603679,1
603680,1
603681,0
603682,0
603683,0
603685,1
603686,0
603687,1
603688,1
603689,1
603690,0
603693,1
603696,1
603697,0
603698,0
603699,0
603700,1
603701,1
603703,0
603706,1
603707,1
603708,1
603709,1
603711,1
603712,1
603713,1
603716,0
603717,1
603718,1
603719,1
603721,1
603722,1
603725,1
603726,0
603727,0
603728,0
603729,1
603730,1
603733,0
603737,0
603738,1
603739,1
603755,0
603757,1
603758,0
603759,0
603766,0
603767,1
603768,1
603773,1
603776,0
603777,0
603778,1
603779,0
603786,1
603787,1
603788,0
603789,1
603790,0
603797,1
603798,1
603799,0
603800,0
603801,1
603803,0
603806,1
603808,1
603809,2
603810,1
603811,1
603813,0
603815,1
603816,1
603817,1
603818,1
603819,1
603822,2
603823,0
603825,0
603826,1
603828,0
603829,1
603833,0
603836,1
603838,0
603839,1
603843,1
603848,1
603855,1
603856,1
603858,1
603859,0
603860,1
603861,1
603863,1
603866,0
603867,1
603868,1
603869,0
603871,1
603876,1
603877,1
603878,1
603879,0
603880,0
603881,2
603882,1
603883,1
603885,1
603886,1
603887,2
603888,0
603889,1
603890,0
603893,2
603895,0
603896,1
603897,0
603898,1
603899,1
603900,1
603901,0
603903,1
603906,0
603908,0
603909,1
603912,0
603915,0
603916,1
603917,1
603918,0
603919,1
603920,0
603922,0
603926,1
603927,1
603928,0
603929,0
603931,1
603933,0
603936,1
603937,1
603938,1
603939,1
603948,1
603949,0
603950,0
603955,0
603956,0
603958,0
603959,0
603960,1
603963,1
603966,1
603967,0
603968,0
603969,1
603970,1
603976,0
603977,0
603978,1
603979,1
603980,0
603982,1
603983,1
603985,1
603986,2
603987,1
603988,2
603989,0
603990,0
603991,2
603992,0
603993,1
603995,1
603997,1
603998,1
603999,1
605001,1
605003,0
605005,1
605006,0
605007,1
605008,1
605009,1
605011,1
605016,1
605018,0
605020,1
605028,0
605033,0
605050,0
605055,0
605056,1
605058,1
605060,0
605066,0
605068,1
605069,1
605077,1
605080,0
605081,1
605086,0
605088,0
605089,1
605090,1
605098,1
605099,0
605100,0
605108,1
605111,1
605116,1
605117,0
605118,0
605122,1
605123,1
605128,0
605133,0
605136,1
605138,1
605151,1
605155,0
605158,1
605162,1
605166,0
605167,1
605168,1
605169,1
605177,1
605178,1
605179,2
605180,1
605183,0
605186,3
605188,1
605189,1
605196,0
605198,0
605199,0
605208,0
605218,0
605222,1
605228,0
605255,1
605258,0
605259,1
605266,1
605268,1
605277,1
605286,0
605287,1
605288,0
605289,1
605296,1
605298,0
605299,0
605300,0
605303,0
605305,1
605318,0
605319,0
605333,0
605336,0
605337,1
605338,0
605339,1
605358,1
605365,1
605366,1
605368,1
605369,1
605376,0
605377,1
605378,0
605388,1
605389,0
605398,2
605399,1
605488,2
605499,2
605500,1
605507,1
605555,0
605566,1
605567,1
605577,1
605580,1
605588,1
605589,0
605598,0
605599,1
688001,1
688002,0
688003,0
688004,0
688005,0
688006,1
688007,1
688008,0
688009,1
688010,2
688011,0
688012,2
688013,1
688015,1
688016,1
688017,2
688018,2
688019,0
688020,1
688021,1
688022,0
688023,0
688025,0
688026,0
688027,2
688028,0
688029,1
688030,0
688031,0
688032,1
688033,1
688035,0
688036,1
688037,0
688038,0
688039,0
688041,2
688045,0
688046,0
688047,2
688048,0
688049,2
688050,0
688051,0
688052,0
688053,1
688055,1
688056,0
688057,1
688058,0
688059,0
688060,0
688061,1
688062,1
688063,1
688065,1
688066,1
688067,0
688068,2
688069,1
688070,1
688071,0
688072,2
688073,0
688075,0
688076,1
688077,0
688078,0
688079,1
688080,0
688081,0
688082,0
688083,0
688084,0
688085,1
688087,1
688088,0
688089,0
688090,2
688091,0
688092,1
688093,0
688095,1
688096,0
688097,0
688098,1
688099,3
688100,1
688101,1
688102,1
688103,0
688105,1
688106,1
688107,0
688108,1
688109,0
688110,0
688111,2
688112,1
688113,1
688114,0
688115,0
688116,2
688117,1
688118,0
688119,1
688120,2
688121,1
688122,0
688123,0
688125,0
688126,1
688127,0
688128,0
688129,0
688130,0
688131,0
688132,0
688133,0
688135,0
688136,1
688137,1
688138,0
688139,0
688141,0
688143,1
688147,1
688148,1
688150,1
688151,1
688152,0
688153,1
688155,0
688156,1
688157,0
688158,2
688159,1
688160,2
688161,0
688162,0
688163,0
688165,2
688166,0
688167,1
688168,0
688169,0
688170,1
688171,1
688172,0
688173,1
688175,0
688176,1
688177,1
688178,0
688179,0
688180,0
688181,0
688182,0
688183,2
688184,1
688185,0
688186,0
688187,1
688188,1
688189,1
688190,0
688191,0
688192,0
688193,0
688195,2
688196,0
688197,1
688198,0
688199,0
688200,0
688201,1
688202,1
688203,0
688205,2
688206,0
688207,0
688208,0
688209,0
688210,0
688211,1
688212,1
688213,2
688215,0
688216,1
688217,1
688218,0
688219,0
688220,2
688221,0
688222,0
688223,1
688225,0
688226,2
688227,2
688228,0
688229,0
688230,0
688231,0
688232,0
688233,0
688234,0
688235,2
688236,1
688237,0
688238,1
688239,1
688244,2
688246,0
688247,1
688248,1
688251,0
688252,0
688253,1
688255,2
688256,2
688257,0
688258,0
688259,1
688260,1
688261,1
688262,0
688265,1
688266,0
688267,0
688268,1
688269,1
688270,0
688271,0
688272,0
688273,1
688275,0
688276,1
688277,0
688278,0
688279,2
688280,0
688281,1
688282,0
688283,1
688285,1
688286,0
688287,1
688288,0
688289,1
688290,0
688291,0
688292,0
688293,0
688295,1
688296,0
688297,1
688298,1
688299,0
688300,0
688301,1
688302,1
688303,1
688305,1
688306,2
688307,0
688308,1
688309,1
688310,1
688311,0
688312,0
688313,0
688314,0
688315,0
688316,2
688317,1
688318,2
688319,0
688320,0
688321,1
688322,2
688323,0
688325,0
688326,0
688327,0
688328,1
688329,1
688330,0
688331,1
688332,2
688333,0
688335,1
688336,1
688337,0
688338,1
688339,1
688345,1
688348,1
688349,1
688350,1
688351,1
688353,0
688355,0
688356,1
688357,1
688358,0
688359,0
688360,0
688362,0
688363,1
688365,0
688366,1
688367,0
688368,2
688369,0
688370,1
688371,0
688372,0
688373,1
688375,1
688376,1
688377,0
688378,1
688379,0
688380,0
688381,1
688382,0
688383,1
688385,0
688386,0
688387,1
688388,0
688389,1
688390,1
688391,1
688392,1
688393,0
688395,0
688396,1
688398,1
688399,1
688400,0
688401,0
688403,1
688408,1
688409,0
688410,1
688416,0
688418,0
688419,0
688420,1
688425,1
688426,0
688428,0
688432,1
688435,0
688439,1
688448,0
688455,0
688456,0
688459,1
688466,0
688468,0
688475,0
688480,1
688485,0
688486,2
688488,1
688489,1
688496,1
688498,0
688499,0
688500,1
688501,1
688502,2
688503,0
688505,1
688506,2
688508,0
688509,1
688510,1
688511,1
688513,1
688515,0
688516,1
688517,1
688518,0
688519,0
688520,1
688521,2
688522,0
688525,0
688526,1
688528,1
688529,0
688531,0
688533,0
688536,0
688538,1
688550,0
688551,1
688553,1
688556,1
688557,0
688558,0
688559,1
688560,1
688561,1
688565,1
688566,1
688567,1
688568,0
688569,1
688571,0
688575,1
688577,0
688578,0
688579,1
688580,1
688585,1
688586,1
688588,1
688589,1
688590,0
688595,1
688596,0
688597,0
688598,0
688599,1
688600,1
688601,1
688606,0
688607,0
688608,2
688609,1
688611,2
688613,0
688616,0
688617,2
688618,1
688619,0
688621,1
688622,2
688625,1
688626,1
688628,1
688630,1
688633,0
688636,0
688639,1
688655,1
688656,2
688658,1
688659,1
688660,0
688661,0
688662,0
688663,1
688665,0
688667,1
688668,0
688669,0
688670,1
688676,1
688677,1
688678,2
688679,0
688680,0
688681,1
688682,3
688683,1
688685,2
688686,0
688687,1
688689,0
688690,1
688696,0
688697,1
688698,2
688699,1
688700,1
688701,0
688707,0
688711,1
688718,1
688722,1
688728,0
688733,1
688737,1
688739,0
688766,0
688767,0
688768,0
688772,1
688776,0
688777,0
688778,0
688779,1
688786,1
688787,2
688788,2
688789,1
688793,1
688798,0
688799,1
688800,0
688819,1
688981,2
689009,0
430017,1
430047,1
430090,2
430139,2
430198,2
430300,0
430418,2
430425,2
430476,0
430478,0
430489,2
430510,0
430556,0
430564,2
430685,0
430718,0
830779,2
830799,2
830809,0
830832,0
830839,2
830879,0
830896,2
830946,0
830964,2
830974,0
831010,2
831039,0
831087,0
831152,2
831167,2
831175,0
831195,0
831278,2
831304,0
831305,0
831370,0
831396,0
831445,0
831526,2
831627,2
831641,2
831689,0
831726,2
831768,0
831832,2
831834,0
831855,2
831856,2
831906,0
831961,0
832000,2
832023,0
832089,0
832110,2
832145,2
832149,2
832171,2
832175,0
832225,0
832278,0
832419,0
832469,0
832471,0
832491,2
832522,2
832566,0
832651,0
832662,2
832735,0
832786,0
832802,2
